<?xml version="1.0" encoding="UTF-8"?>
<!--
  #%L
  MuleSoft Training - Anypoint Platform Development: Level 2
  %%
  Copyright (C) 2019 - 2021 MuleSoft, Inc. All rights reserved. http://www.mulesoft.com
  %%
  The software in this package is published under the terms of the
  Creative Commons Attribution-NonCommercial-NoDerivatives 4.0 International Public License,
  a copy of which has been included with this distribution in the LICENSE.txt file.
  #L%
  -->
<mule xmlns:anypoint-mq="http://www.mulesoft.org/schema/mule/anypoint-mq" xmlns:vm="http://www.mulesoft.org/schema/mule/vm" xmlns:wsc="http://www.mulesoft.org/schema/mule/wsc" xmlns="http://www.mulesoft.org/schema/mule/core" xmlns:core="http://www.mulesoft.org/schema/mule/core" xmlns:ee="http://www.mulesoft.org/schema/mule/ee/core" xmlns:api-gateway="http://www.mulesoft.org/schema/mule/api-gateway" xmlns:tls="http://www.mulesoft.org/schema/mule/tls" xmlns:secure-properties="http://www.mulesoft.org/schema/mule/secure-properties" xmlns:doc="http://www.mulesoft.org/schema/mule/documentation" xmlns:apikit="http://www.mulesoft.org/schema/mule/mule-apikit" xmlns:http="http://www.mulesoft.org/schema/mule/http" xmlns:xsi="http://www.w3.org/2001/XMLSchema-instance" xsi:schemaLocation="  http://www.mulesoft.org/schema/mule/core http://www.mulesoft.org/schema/mule/core/current/mule.xsd   http://www.mulesoft.org/schema/mule/http http://www.mulesoft.org/schema/mule/http/current/mule-http.xsd  http://www.mulesoft.org/schema/mule/mule-apikit http://www.mulesoft.org/schema/mule/mule-apikit/current/mule-apikit.xsd   http://www.mulesoft.org/schema/mule/secure-properties http://www.mulesoft.org/schema/mule/secure-properties/current/mule-secure-properties.xsd  http://www.mulesoft.org/schema/mule/tls http://www.mulesoft.org/schema/mule/tls/current/mule-tls.xsd  http://www.mulesoft.org/schema/mule/api-gateway http://www.mulesoft.org/schema/mule/api-gateway/current/mule-api-gateway.xsd    http://www.mulesoft.org/schema/mule/ee/core http://www.mulesoft.org/schema/mule/ee/core/current/mule-ee.xsd
http://www.mulesoft.org/schema/mule/wsc http://www.mulesoft.org/schema/mule/wsc/current/mule-wsc.xsd
http://www.mulesoft.org/schema/mule/vm http://www.mulesoft.org/schema/mule/vm/current/mule-vm.xsd
http://www.mulesoft.org/schema/mule/anypoint-mq http://www.mulesoft.org/schema/mule/anypoint-mq/current/mule-anypoint-mq.xsd">
  <global-property name="env" value="dev" doc:name="Default env to dev"/>
  <!-- 1st def of a property is preserved, so env-dependent takes priority over env-independent -->
  <configuration-properties file="${env}-properties.yaml" doc:name="Env Config Props"/>
  <secure-properties:config file="${env}-secure-properties.yaml" key="${encrypt.key}" name="secureEnvPropsConfig" doc:name="Secure Env Config Props">
    <secure-properties:encrypt algorithm="Blowfish"/>
  </secure-properties:config>
  <configuration-properties file="properties.yaml" doc:name="Config Props"/>
  <tls:context name="apiTLSContext" doc:name="API TLS Context">
    <tls:key-store type="${tls.keystore.type}" path="${tls.keystore.path}" password="${secure::tls.keystore.password}" keyPassword="${secure::tls.keystore.keyPassword}" alias="${tls.keystore.alias}"/>
  </tls:context>
  <http:listener-config name="apiHttpListenerConfig">
    <http:listener-connection host="0.0.0.0" protocol="HTTPS" port="${https.port}" tlsContext="apiTLSContext"/>
  </http:listener-config>
  <apikit:config name="apiConfig" api="${api.raml}" outboundHeadersMapName="outboundHeaders" httpStatusVarName="httpStatus"/>
  <api-gateway:autodiscovery apiId="${api.id}" flowRef="api-main" doc:name="API Autodiscovery"/>
	<wsc:config name="Web_Service_Consumer_Config" doc:name="Web Service Consumer Config" doc:id="1b5c12a7-7fee-4ec8-986e-be8551dd166c" >
		<wsc:connection wsdlLocation="https://tngaa-flights-management-devx.nonprod-internalps.anyair.net/api/v1/FlightsManagementService?wsdl" service="FlightsManagementService" port="FlightsManagementPort" address="https://tngaa-flights-management-devx.nonprod-internalps.anyair.net/api/v1/FlightsManagementService" >
			<wsc:custom-transport-configuration >
				<wsc:http-transport-configuration requesterConfig="HTTP_Request_TLS_SOAP" />
			</wsc:custom-transport-configuration>
			<wsc:web-service-security actor="http://schemas.xmlsoap.org/soap/actor/next" />
		</wsc:connection>
	</wsc:config>
	<tls:context name="TLS_Context_SOAP_FMS" doc:name="TLS Context" doc:id="73f31c6b-4d67-4057-84e8-b876e78fc1c8" >
		<tls:key-store type="pkcs12" path="certs/clients-to-nonprod-internalps.p12" alias="client" keyPassword="muleclient2021" password="muleclient2021"/>
	</tls:context>
	<http:request-config name="HTTP_Request_TLS_SOAP" doc:name="HTTP Request configuration" doc:id="6b0b852a-e8b6-4401-b90b-bffc0172bc38" >
		<http:request-connection protocol="HTTPS" tlsContext="TLS_Context_SOAP_FMS" />
	</http:request-config>
	<vm:config name="VM_Config_Cancellations" doc:name="VM Config" doc:id="116205f0-3e03-4062-bed8-fdb4491006ca" >
		<vm:queues >
			<vm:queue queueName="flight-cancel-notifs-q" queueType="PERSISTENT" maxOutstandingMessages="100" />
			<vm:queue queueName="flight-cancel-notifs-dlq" queueType="PERSISTENT" maxOutstandingMessages="1000" />
		</vm:queues>
	</vm:config>
	<anypoint-mq:config name="Anypoint_MQ_Config" doc:name="Anypoint MQ Config" doc:id="52031c66-8ff5-47ce-91ce-a5139738b698" >
		<anypoint-mq:connection clientId="b58581e1242d4e10bdca4103cee00181" clientSecret="b063BAe915a449A8A00AAe4f1e2aA3D4" />
	</anypoint-mq:config>

</mule>
