<?xml version="1.0" encoding="UTF-8"?>
<!--
  #%L
  MuleSoft Training - Anypoint Platform Development: Level 2
  %%
  Copyright (C) 2019 - 2021 MuleSoft, Inc. All rights reserved. http://www.mulesoft.com
  %%
  The software in this package is published under the terms of the
  Creative Commons Attribution-NonCommercial-NoDerivatives 4.0 International Public License,
  a copy of which has been included with this distribution in the LICENSE.txt file.
  #L%
  -->
<mule xmlns:tracing="http://www.mulesoft.org/schema/mule/tracing" xmlns:json="http://www.mulesoft.org/schema/mule/json" xmlns:xml-module="http://www.mulesoft.org/schema/mule/xml-module" xmlns:validation="http://www.mulesoft.org/schema/mule/validation" xmlns:anypoint-mq="http://www.mulesoft.org/schema/mule/anypoint-mq" xmlns:vm="http://www.mulesoft.org/schema/mule/vm" xmlns:wsc="http://www.mulesoft.org/schema/mule/wsc" xmlns="http://www.mulesoft.org/schema/mule/core" xmlns:core="http://www.mulesoft.org/schema/mule/core" xmlns:ee="http://www.mulesoft.org/schema/mule/ee/core" xmlns:api-gateway="http://www.mulesoft.org/schema/mule/api-gateway" xmlns:tls="http://www.mulesoft.org/schema/mule/tls" xmlns:secure-properties="http://www.mulesoft.org/schema/mule/secure-properties" xmlns:doc="http://www.mulesoft.org/schema/mule/documentation" xmlns:apikit="http://www.mulesoft.org/schema/mule/mule-apikit" xmlns:http="http://www.mulesoft.org/schema/mule/http" xmlns:xsi="http://www.w3.org/2001/XMLSchema-instance" xsi:schemaLocation="  http://www.mulesoft.org/schema/mule/core http://www.mulesoft.org/schema/mule/core/current/mule.xsd  http://www.mulesoft.org/schema/mule/http http://www.mulesoft.org/schema/mule/http/current/mule-http.xsd  http://www.mulesoft.org/schema/mule/mule-apikit http://www.mulesoft.org/schema/mule/mule-apikit/current/mule-apikit.xsd   http://www.mulesoft.org/schema/mule/secure-properties http://www.mulesoft.org/schema/mule/secure-properties/current/mule-secure-properties.xsd  http://www.mulesoft.org/schema/mule/tls http://www.mulesoft.org/schema/mule/tls/current/mule-tls.xsd  http://www.mulesoft.org/schema/mule/api-gateway http://www.mulesoft.org/schema/mule/api-gateway/current/mule-api-gateway.xsd    http://www.mulesoft.org/schema/mule/ee/core http://www.mulesoft.org/schema/mule/ee/core/current/mule-ee.xsd
http://www.mulesoft.org/schema/mule/wsc http://www.mulesoft.org/schema/mule/wsc/current/mule-wsc.xsd
http://www.mulesoft.org/schema/mule/vm http://www.mulesoft.org/schema/mule/vm/current/mule-vm.xsd
http://www.mulesoft.org/schema/mule/anypoint-mq http://www.mulesoft.org/schema/mule/anypoint-mq/current/mule-anypoint-mq.xsd
http://www.mulesoft.org/schema/mule/validation http://www.mulesoft.org/schema/mule/validation/current/mule-validation.xsd
http://www.mulesoft.org/schema/mule/xml-module http://www.mulesoft.org/schema/mule/xml-module/current/mule-xml-module.xsd
http://www.mulesoft.org/schema/mule/json http://www.mulesoft.org/schema/mule/json/current/mule-json.xsd
http://www.mulesoft.org/schema/mule/tracing http://www.mulesoft.org/schema/mule/tracing/current/mule-tracing.xsd">
	<flow name="check-in-by-pnr">
    <logger level="INFO" message="#['Checking-in by PNR: ' ++ (vars.PNR default '')]" doc:name="START"/>
    <!-- TODO: create checkIn SOAP payload  -->
    <logger level="INFO" message="Before calling checkIn SOAP WS" doc:name="Before WS"/>
    <try>
      <!-- TODO: call checkIn on Flights Management system SOAP service -->
      <ee:transform doc:name="Transform Message" doc:id="cdcde160-99c2-488a-bfc0-b499227020b2" >
				<ee:message >
					<ee:set-payload ><![CDATA[%dw 2.0
output application/xml
ns ns0 http://flightsMgmt.sword.com/
---
{
	ns0#checkIn: {
		pnr: vars.PNR,
		passengerLastName: message.payload.lastName,
		numOfBags: message.payload.numBags
	}
}]]></ee:set-payload>
				</ee:message>
			</ee:transform>
			<wsc:consume operation="checkIn" doc:name="Consume" doc:id="a45cc2ac-cd1d-4a20-840b-0ea60a040ff3" config-ref="Web_Service_Consumer_Config"/>
			<logger doc:name="TODO: call checkIn on Flights Management system SOAP service"/>
      <error-handler>
        <on-error-continue>
          <raise-error type="APP:CANT_CHECKIN" doc:name="Raise APP:CANT_CHECKIN error"/>
        </on-error-continue>
      </error-handler>
    </try>
    <logger level="INFO" message="After receiving checkIn SOAP WS response" doc:name="After WS"/>
    <set-payload value="#[output application/json --- {message: 'Passenger check-in successful.'}]" doc:name="Success JSON response"/>
    <logger level="INFO" message="Checked-in by PNR" doc:name="END"/>
  </flow>
  <flow name="get-ticket-by-pnr">
    <logger level="INFO" message="Getting ticket by PNR" doc:name="START"/>
    <!-- TODO: create getTicketByPNR SOAP payload  -->
    <logger level="INFO" message="Before calling getTicketByPNR SOAP WS" doc:name="Before WS"/>
    <try>
      <!-- TODO: call getTicketByPNR on Flights Management system SOAP service -->
      <logger doc:name="TODO: call getTicketByPNR on Flights Management system SOAP service"/>
      <ee:transform doc:name="Fake getTicketByPNR WS response">
        <ee:message>
          <ee:set-payload><![CDATA[%dw 2.0
            output application/xml
            ns soap http://schemas.xmlsoap.org/soap/envelope/
            ns ns0 http://flightsMgmt.sword.com/
            ---
            body: {
                ns0#getTicketByPNRResponse: {
                    return: {
                        ticketHolderLastName: "Mule",
                        ticketHolderPassportNo: "P3JR0BZ2OY",
                        origin: "SFO",
                        destination: "LAX",
                        flightDate: "2019-02-05",
                        flightNo: "ANY6829",
                        boarding: "13:15:00",
                        class: "Economy",
                        depart: "14:30:00",
                        gate: "4A",
                        seat: "16C"
                    }
                }
            }]]></ee:set-payload>
        </ee:message>
      </ee:transform>
      <error-handler>
        <on-error-continue>
          <raise-error type="APP:CANT_GET_TICKET" doc:name="Raise APP:CANT_GET_TICKET error"/>
        </on-error-continue>
      </error-handler>
    </try>
    <logger level="INFO" message="After receiving getTicketByPNR SOAP WS response" doc:name="After WS"/>
    <ee:transform doc:name="To Ticket JSON response">
      <ee:message>
        <ee:set-payload><![CDATA[%dw 2.0
          output application/json
          // hack to convert UTC times sent by FMS into local times in the origin TZ
          var TZLookup = {
            "SFO": "America/Los_Angeles",
            "LAX": "America/Los_Angeles",
            "ATL": "America/New_York",
            "VIE": "Europe/Vienna"
            // ...
          }
          var r = payload.body.getTicketByPNRResponse.return
          
          var flightDTdepart   = (r.flightDate ++ "T" ++ r.depart  ) as DateTime
          var flightDTboarding = (r.flightDate ++ "T" ++ r.boarding) as DateTime
          
          var flightDTdepartLocal   = flightDTdepart   >> TZLookup[r.origin]
          var flightDTboardingLocal = flightDTboarding >> TZLookup[r.origin]
          
          var dateLocal     = flightDTdepartLocal   as String {format: "YYYY-MM-dd"}
          var departLocal   = flightDTdepartLocal   as String {format: "hh:mm:ss"}
          var boardingLocal = flightDTboardingLocal as String {format: "hh:mm:ss"}
          ---
          {
            ticketHolderLastName:   r.ticketHolderLastName,
            ticketHolderPassPortNo: r.ticketHolderPassportNo,
            origin:                 r.origin,
            destination:            r.destination,
            flightDate:             dateLocal,
            flightNo:               r.flightNo,
            boarding:               boardingLocal,
            class:                  r.class,
            depart:                 departLocal,
            gate:                   r.gate,
            seat:                   r.seat
          }]]></ee:set-payload>
      </ee:message>
    </ee:transform>
    <logger level="INFO" message="Got ticket by PNR" doc:name="END"/>
  </flow>
  <flow name="receive-cancellation-notification">
      <http:listener
        path="/api/cancelFlight"
        allowedMethods="POST"
        config-ref="apiHttpListenerConfig">
        <http:response statusCode="#[vars.httpStatus default 202]">
          <http:body>#[output text/plain --- vars.response default
    'OK']</http:body>
        </http:response>
      </http:listener>
      <validation:is-not-null doc:name="payload is not null 1" doc:id="e174bdde-a605-4305-b556-8fc515e72a99" value="#[payload]" />
		<validation:is-true doc:name="payload is not null 2" doc:id="3c3d44ca-dfaf-4bf8-be1a-301654b32faf" expression="#[ payload != null ]"/>
		<validation:is-not-blank-string doc:name="Is not blank string" doc:id="07e782f5-b584-4d52-9381-ea30771d4b8f" value="#[payload.^raw]" />
		<xml-module:validate-schema doc:name="Validate schema" doc:id="28466e8a-23e8-47e2-accd-b6bbf232c05f" schemas="schemas\CancellationNotification.xsd" />
		<validation:is-true doc:name="PNR is smaller than 10 chars" doc:id="e38dd989-1d50-47bb-81f6-91c1de8d9120" expression="#[ sizeOf(payload.CancellationNotification.PNR) &lt; 10 ]">
			<error-mapping sourceType="VALIDATION:INVALID_BOOLEAN" targetType="APP:INVALID_PNR" />
		</validation:is-true>
		<validation:is-true doc:name="Is Xml Content-Type" doc:id="374ee881-7525-47fb-8007-fd100a20a454" expression="#[var ct = attributes.headers.'content-type' --- ((not isBlank(ct)) and (lower(ct) contains '/xml'))]"/>
		<tracing:with-correlation-id doc:name="With CorrelationID" doc:id="6754b4c4-ca98-4abb-b04f-242dc74dbf9a" correlationId='#[payload.CancellationNotification.PNR ++ "-" ++ uuid()]'>
			<vm:publish queueName="flight-cancel-notifs-q" doc:name="Publish" doc:id="1ce9483c-4236-475a-ab68-1b02b8b7d4eb" config-ref="VM_Config_Cancellations" sendCorrelationId="ALWAYS" />
		</tracing:with-correlation-id>
		<logger level="INFO"
        message="Received Cancellation Notification"/>
		<error-handler >
			<on-error-continue enableNotifications="true" logException="true" doc:name="On Error Continue" doc:id="2367a9de-77da-40c8-9a7b-6101f74e83ac" type="APP:INVALID_PNR">
				<set-variable value="400" doc:name="set 400 bad request" doc:id="63bee7a9-27eb-4ddc-a205-6a503609d5b9" variableName="httpStatus"/>
				<set-variable value="error de formato" doc:name="set error response var" doc:id="e86336f5-a2fb-4eb5-b967-d73b677c54c9" variableName="response"/>
			</on-error-continue>
			<on-error-continue enableNotifications="true" logException="true" doc:name="On Error Continue" doc:id="426d0f97-1e5c-4ada-aff3-801e925f262f" type="ANY">
				<set-variable value="400" doc:name="set 400 bad request" doc:id="ed4557b1-f30e-4ca7-9ef8-9a9cc6bf1266" variableName="httpStatus" />
				<set-variable value="message is not a valid xml" doc:name="Set err response var" doc:id="c861b553-2240-489b-aaf0-f15abd37d4ae" variableName="response"/>
			</on-error-continue>
		</error-handler>
  
</flow>
    <flow name="deliver-flight-cancelled-event" doc:id="0c0eab89-5d7b-4900-9e91-60dfa2250a34" >
		<vm:listener doc:name="Listener" doc:id="cd4bb582-8ea5-4350-904e-f262c2e9259f" config-ref="VM_Config_Cancellations" queueName="flight-cancel-notifs-q" transactionalAction="ALWAYS_BEGIN">
			<redelivery-policy maxRedeliveryCount="2" idExpression="#[correlationId]"/>
		</vm:listener>
		<logger level="INFO" doc:name="Logger" doc:id="29a5ada2-f85c-4570-bdde-8247b96b2565" message="#[correlationId]"/>
		<ee:transform doc:name="Transform Message" doc:id="a818b346-ee8a-4360-b7af-8a0177a87f7e" >
			<ee:message >
				<ee:set-payload ><![CDATA[%dw 2.0
output application/json
---
{
       pnr: payload.CancellationNotification.PNR as Number,
       lastNameOfPassenger: payload.CancellationNotification.PassengerLastName
}]]></ee:set-payload>
			</ee:message>
		</ee:transform>
		<json:validate-schema doc:name="Validate schema" doc:id="6c5a5e49-3a2e-4fd2-9408-042aca880111" schema='schemas/CancellationNotification.schema.json' />
		<anypoint-mq:publish doc:name="Publish" doc:id="f2a8cc6c-33c7-4ce2-88a9-a6a910166633" config-ref="Anypoint_MQ_Config" destination="cancelled-flights-exchg-dev" messageId="#[correlationId]">
			<anypoint-mq:properties ><![CDATA[#[output application/java
---
{
	"correlationId" : correlationId
}]]]></anypoint-mq:properties>
		</anypoint-mq:publish>
		<logger level="INFO" doc:name="Logger" doc:id="e1d21e43-0863-4d43-91b1-b4a12ff804ab" />
		<error-handler >
			<on-error-continue enableNotifications="true" logException="true" doc:name="On Error Continue" doc:id="874a0d29-69b3-4254-b95e-071c87092302" type="MULE:REDELIVERY_EXHAUSTED">
				<vm:publish queueName="flight-cancel-notifs-dlq" doc:name="Publish to Calcel-Notifs DLQ" doc:id="e2c0f2c5-a22f-4f98-b7f1-9e271e7588c8" config-ref="VM_Config_Cancellations"/>
			</on-error-continue>
		</error-handler>
	</flow>
	<flow name="register-callback" initialState="stopped">
      <scheduler>
        <scheduling-strategy>
          <fixed-frequency
            frequency="365000" timeUnit="DAYS" />
        </scheduling-strategy>
      </scheduler>
      <ee:transform>
        <ee:message>
          <ee:set-payload><![CDATA[%dw 2.0
          output application/xml
          ns ns0 http://flightsMgmt.sword.com/
          ---
          {
            ns0#registerForCancellationNotifications: {
              callbackURL: p("api.callback.url")
            }
          }]]></ee:set-payload>
        </ee:message>
      </ee:transform>
      <try>
        <flow-ref name="register-for-cancellation-notifications" />
        <error-handler>
          <on-error-continue>
            <raise-error type="APP:CANT_REGISTER_CALLBACK" />
          </on-error-continue>
        </error-handler>
      </try>
    </flow>
    <sub-flow name="register-for-cancellation-notifications">
      <wsc:consume
        operation="registerForCancellationNotifications"
        config-ref="Web_Service_Consumer_Config" />
    </sub-flow>  
</mule>
