<?xml version="1.0" encoding="UTF-8"?>

<mule xmlns:apikit="http://www.mulesoft.org/schema/mule/mule-apikit"
	xmlns:tls="http://www.mulesoft.org/schema/mule/tls"
	xmlns:http="http://www.mulesoft.org/schema/mule/http"
	xmlns:api-gateway="http://www.mulesoft.org/schema/mule/api-gateway"
	xmlns="http://www.mulesoft.org/schema/mule/core" xmlns:doc="http://www.mulesoft.org/schema/mule/documentation"
	xmlns:xsi="http://www.w3.org/2001/XMLSchema-instance"
	xsi:schemaLocation="
http://www.mulesoft.org/schema/mule/mule-apikit http://www.mulesoft.org/schema/mule/mule-apikit/current/mule-apikit.xsd 
http://www.mulesoft.org/schema/mule/tls http://www.mulesoft.org/schema/mule/tls/current/mule-tls.xsd 
http://www.mulesoft.org/schema/mule/http http://www.mulesoft.org/schema/mule/http/current/mule-http.xsd 
http://www.mulesoft.org/schema/mule/api-gateway http://www.mulesoft.org/schema/mule/api-gateway/current/mule-api-gateway.xsd http://www.mulesoft.org/schema/mule/core http://www.mulesoft.org/schema/mule/core/current/mule.xsd">
    <http:listener-config name="api-httpListenerConfig">
        <http:listener-connection host="0.0.0.0" port="8081" protocol="HTTPS">
			<tls:context >
				<tls:key-store type="pkcs12" path="localhost.p12" alias="1" keyPassword="changeit" password="changeit" />
			</tls:context>
		</http:listener-connection>
    </http:listener-config>
    <apikit:config name="api-config" api="resource::a95db67e-37e1-44e1-a24c-02ef52889302:check-in-process-api:1.0.0:oas:zip:api.json" outboundHeadersMapName="outboundHeaders" httpStatusVarName="httpStatus" />
    <api-gateway:autodiscovery apiId="18198738" ignoreBasePath="true" doc:name="API Autodiscovery" doc:id="7e99a72b-714b-4b6a-a590-a03aae382b78" flowRef="api-main" />


</mule>
