<?xml version="1.0" encoding="UTF-8"?>

<module name="resilience module" prefix="resilience"

       doc:description="This module relies in runtime provided components"

 

       xmlns="http://www.mulesoft.org/schema/mule/module"

       xmlns:http="http://www.mulesoft.org/schema/mule/http"

       xmlns:mule="http://www.mulesoft.org/schema/mule/core"

       xmlns:doc="http://www.mulesoft.org/schema/mule/documentation"

       xmlns:tns="http://www.mulesoft.org/schema/mule/resilience"

       xmlns:xsi="http://www.w3.org/2001/XMLSchema-instance"

       xsi:schemaLocation="
        http://www.mulesoft.org/schema/mule/http http://www.mulesoft.org/schema/mule/http/current/mule-http.xsd
          http://www.mulesoft.org/schema/mule/module http://www.mulesoft.org/schema/mule/module/current/mule-module.xsd
          http://www.mulesoft.org/schema/mule/core http://www.mulesoft.org/schema/mule/core/current/mule.xsd
          http://www.mulesoft.org/schema/mule/resilience http://www.mulesoft.org/schema/mule/resilience/current/mule-resilience.xsd">

 

 

       <operation name="is-endpoint-alive"

doc:description="Check alive enpoint for an API'">

<parameters>

<parameter name="url" displayName="URL" type="string"

use="REQUIRED" />

<parameter name="responseTimeoutMillis"

displayName="Response Timeout in Milliseconds" type="number"

use="OPTIONAL" defaultValue="#[2000]" />

<parameter name="maxRetries" displayName="Max Retries"

type="number" use="OPTIONAL" defaultValue="#[3]" />

<parameter name="millisBetweenRetries"

displayName="Milliseconds Between Retries" type="number"

use="OPTIONAL" defaultValue="#[2000]" />

</parameters>

 

<body>

<mule:until-successful

maxRetries="#[vars.maxRetries]"

millisBetweenRetries="#[vars.millisBetweenRetries]">

<mule:try>

<http:request method="GET" url="#[vars.url]"

followRedirects="true"

responseTimeout="#[vars.responseTimeoutMillis]">

<http:response-validator>

<http:success-status-code-validator

values="200..299" />

</http:response-validator>

</http:request>

<mule:set-payload value="#[true]" />

<mule:error-handler>

<mule:on-error-continue>

<mule:set-payload value="#[false]" />

</mule:on-error-continue>

</mule:error-handler>

</mule:try>

</mule:until-successful>

</body>

 

<output type="boolean" doc:description="True or False if service is alive" />

       </operation>

 

</module>