<?xml version="1.0" encoding="UTF-8"?>
<!--
  #%L
  MuleSoft Training - Anypoint Platform Development: Level 2
  %%
  Copyright (C) 2019 - 2021 MuleSoft, Inc. All rights reserved. http://www.mulesoft.com
  %%
  The software in this package is published under the terms of the
  Creative Commons Attribution-NonCommercial-NoDerivatives 4.0 International Public License,
  a copy of which has been included with this distribution in the LICENSE.txt file.
  #L%
  -->
<mule xmlns="http://www.mulesoft.org/schema/mule/core" xmlns:email="http://www.mulesoft.org/schema/mule/email" xmlns:vm="http://www.mulesoft.org/schema/mule/vm" xmlns:ee="http://www.mulesoft.org/schema/mule/ee/core" xmlns:anypoint-mq="http://www.mulesoft.org/schema/mule/anypoint-mq" xmlns:secure-properties="http://www.mulesoft.org/schema/mule/secure-properties" xmlns:doc="http://www.mulesoft.org/schema/mule/documentation" xmlns:xsi="http://www.w3.org/2001/XMLSchema-instance" xsi:schemaLocation="  http://www.mulesoft.org/schema/mule/core http://www.mulesoft.org/schema/mule/core/current/mule.xsd  http://www.mulesoft.org/schema/mule/secure-properties http://www.mulesoft.org/schema/mule/secure-properties/current/mule-secure-properties.xsd    http://www.mulesoft.org/schema/mule/anypoint-mq http://www.mulesoft.org/schema/mule/anypoint-mq/current/mule-anypoint-mq.xsd  http://www.mulesoft.org/schema/mule/ee/core http://www.mulesoft.org/schema/mule/ee/core/current/mule-ee.xsd  http://www.mulesoft.org/schema/mule/vm http://www.mulesoft.org/schema/mule/vm/current/mule-vm.xsd  http://www.mulesoft.org/schema/mule/email http://www.mulesoft.org/schema/mule/email/current/mule-email.xsd">
	<flow name="retrieve-cancellation-event" doc:id="9a4a6246-ff3d-49d2-bceb-5e399059856c" >
		<anypoint-mq:subscriber doc:name="Subscriber" doc:id="1d9b0b88-8186-417e-9e68-b86e4193f53f" config-ref="Anypoint_MQ_Config" destination="cancelled-flights-mobile-queue-dev-student09" acknowledgementMode="MANUAL">
			<reconnect />
			<anypoint-mq:circuit-breaker onErrorTypes="VM:QUEUE_TIMEOUT" errorsThreshold="1" tripTimeout="60" tripTimeoutUnit="SECONDS" />
		</anypoint-mq:subscriber>
		<set-variable value="#[message.attributes.ackToken]" doc:name="Set Var mqAckToken" doc:id="5fed888f-712c-4aaa-8865-780a1d496e07" variableName="mqAckToken"/>
		<ee:transform doc:name="Transform Message" doc:id="32ab434c-7816-4908-b6cb-73cb04660e4e" >
			<ee:message >
				<ee:set-payload ><![CDATA[%dw 2.0
output application/json
---
{
	pnr: payload.pnr,
	lastName: payload.lastNameOfPassenger
}
]]></ee:set-payload>
			</ee:message>
		</ee:transform>
		<vm:publish doc:name="Publish" doc:id="2a015a98-f861-474c-977e-fe5ca6ee37c1" config-ref="VM_Config" queueName="mobile-app-native-notifs-q"/>
		<logger level="INFO" doc:name="Logger" doc:id="70293030-a66e-4455-80dd-8e86d0abcd5c" message="Received"/>
		<anypoint-mq:ack doc:name="Ack" doc:id="0cb27a0a-9f4b-4baf-ba1b-bba861b70915" config-ref="Anypoint_MQ_Config" ackToken="#[vars.ackToken]"/>
	</flow>

  <!-- ... -->
</mule>
