<?xml version='1.0' encoding='UTF-8'?>
<types:mule xmlns:types="http://www.mulesoft.org/schema/mule/types">
  <types:catalog>
    <types:type name="auto_d58e86f0-c3bb-43c2-ac74-9f056f259bbb_Output-Variables-ticket" format="json">
      <types:shape format="weave" example="weave/autogenerated/d58e86f0-c3bb-43c2-ac74-9f056f259bbb/Output-Variables-ticket.wev" autogeneratedOrigin="78d1c151-b4be-4593-b5e2-62a0fc8b12f3"><![CDATA[%dw 2.0

type auto_d58e86f0_c3bb_43c2_ac74_9f056f259bbb_Output_Variables_ticket = {
  seat: String, 
  ticketHolderPassPortNo: String, 
  flightNo: String, 
  flightDate: String, 
  ticketHolderLastName: String, 
  origin: String, 
  destination: String, 
  gate: String, 
  depart: String, 
  boarding: String, 
  _?: Any
} {"description": "Represents a Ticket for a Passenger Flight."}

]]></types:shape>
    </types:type>
    <types:type name="auto_b73737e1-afe0-46a3-9bcb-deaf6d24c3ce_Input-Variables-ticket" format="json">
      <types:shape format="weave" example="weave/autogenerated/b73737e1-afe0-46a3-9bcb-deaf6d24c3ce/Input-Variables-ticket.wev" autogeneratedOrigin="36cadc2c-ac94-4a17-b6d8-ecfda412b725"><![CDATA[%dw 2.0

type auto_b73737e1_afe0_46a3_9bcb_deaf6d24c3ce_Input_Variables_ticket = {
  seat: String, 
  ticketHolderPassPortNo: String, 
  flightNo: String, 
  flightDate: String, 
  ticketHolderLastName: String, 
  origin: String, 
  destination: String, 
  gate: String, 
  depart: String, 
  boarding: String, 
  _?: Any
} {"description": "Represents a Ticket for a Passenger Flight."}

]]></types:shape>
    </types:type>
    <types:type name="auto_b73737e1-afe0-46a3-9bcb-deaf6d24c3ce_Output-Payload" format="json">
      <types:shape format="weave" example="weave/autogenerated/b73737e1-afe0-46a3-9bcb-deaf6d24c3ce/Output-Payload.wev" autogeneratedOrigin="36cadc2c-ac94-4a17-b6d8-ecfda412b725"><![CDATA[%dw 2.0

type auto_b73737e1_afe0_46a3_9bcb_deaf6d24c3ce_Output_Payload = {
  lastName: String, 
  loyaltyNo: Number, 
  _?: Any
}

]]></types:shape>
    </types:type>
    <types:type name="auto_b73737e1-afe0-46a3-9bcb-deaf6d24c3ce_Output-Attributes" format="java">
      <types:shape format="weave" example="weave/autogenerated/b73737e1-afe0-46a3-9bcb-deaf6d24c3ce/Output-Attributes.wev" autogeneratedOrigin="36cadc2c-ac94-4a17-b6d8-ecfda412b725"><![CDATA[%dw 2.0

type auto_b73737e1_afe0_46a3_9bcb_deaf6d24c3ce_Output_Attributes = {|
  headers?: { _?: String }, 
  reasonPhrase?: String, 
  statusCode?: Number
|} {"typeId": "org.mule.extension.http.api.HttpResponseAttributes"}

]]></types:shape>
    </types:type>
    <types:type name="auto_b73737e1-afe0-46a3-9bcb-deaf6d24c3ce_Output-Variables-ticket" format="json">
      <types:shape format="weave" example="weave/autogenerated/b73737e1-afe0-46a3-9bcb-deaf6d24c3ce/Output-Variables-ticket.wev" autogeneratedOrigin="36cadc2c-ac94-4a17-b6d8-ecfda412b725"><![CDATA[%dw 2.0

type auto_b73737e1_afe0_46a3_9bcb_deaf6d24c3ce_Output_Variables_ticket = {
  seat: String, 
  ticketHolderPassPortNo: String, 
  flightNo: String, 
  flightDate: String, 
  ticketHolderLastName: String, 
  origin: String, 
  destination: String, 
  gate: String, 
  depart: String, 
  boarding: String, 
  _?: Any
} {"description": "Represents a Ticket for a Passenger Flight."}

]]></types:shape>
    </types:type>
    <types:type name="auto_07c7e6ac-fa83-49f4-8ee2-ef67b93a0b5b_Input-Variables-checkIn" format="java">
      <types:shape format="weave" example="weave/autogenerated/07c7e6ac-fa83-49f4-8ee2-ef67b93a0b5b/Input-Variables-checkIn.wev" autogeneratedOrigin="3d690e42-2fe9-4886-938f-9436e698c378"><![CDATA[%dw 2.0

type auto_07c7e6ac_fa83_49f4_8ee2_ef67b93a0b5b_Input_Variables_checkIn = Any

]]></types:shape>
    </types:type>
    <types:type name="auto_07c7e6ac-fa83-49f4-8ee2-ef67b93a0b5b_Output-Payload" format="json">
      <types:shape format="weave" example="weave/autogenerated/07c7e6ac-fa83-49f4-8ee2-ef67b93a0b5b/Output-Payload.wev" autogeneratedOrigin="3d690e42-2fe9-4886-938f-9436e698c378"><![CDATA[%dw 2.0

type auto_07c7e6ac_fa83_49f4_8ee2_ef67b93a0b5b_Output_Payload = {
  lastName: String, 
  loyaltyNo: Number, 
  _?: Any
}

]]></types:shape>
    </types:type>
    <types:type name="auto_07c7e6ac-fa83-49f4-8ee2-ef67b93a0b5b_Output-Attributes" format="java">
      <types:shape format="weave" example="weave/autogenerated/07c7e6ac-fa83-49f4-8ee2-ef67b93a0b5b/Output-Attributes.wev" autogeneratedOrigin="3d690e42-2fe9-4886-938f-9436e698c378"><![CDATA[%dw 2.0

type auto_07c7e6ac_fa83_49f4_8ee2_ef67b93a0b5b_Output_Attributes = {|
  headers?: { _?: String }, 
  reasonPhrase?: String, 
  statusCode?: Number
|} {"typeId": "org.mule.extension.http.api.HttpResponseAttributes"}

]]></types:shape>
    </types:type>
    <types:type name="auto_07c7e6ac-fa83-49f4-8ee2-ef67b93a0b5b_Output-Variables-checkIn" format="java">
      <types:shape format="weave" example="weave/autogenerated/07c7e6ac-fa83-49f4-8ee2-ef67b93a0b5b/Output-Variables-checkIn.wev" autogeneratedOrigin="3d690e42-2fe9-4886-938f-9436e698c378"><![CDATA[%dw 2.0

type auto_07c7e6ac_fa83_49f4_8ee2_ef67b93a0b5b_Output_Variables_checkIn = Any

]]></types:shape>
    </types:type>
    <types:type name="auto_07c7e6ac-fa83-49f4-8ee2-ef67b93a0b5b_Output-Variables-ticket" format="json">
      <types:shape format="weave" example="weave/autogenerated/07c7e6ac-fa83-49f4-8ee2-ef67b93a0b5b/Output-Variables-ticket.wev" autogeneratedOrigin="3d690e42-2fe9-4886-938f-9436e698c378"><![CDATA[%dw 2.0

type auto_07c7e6ac_fa83_49f4_8ee2_ef67b93a0b5b_Output_Variables_ticket = {
  seat: String, 
  ticketHolderPassPortNo: String, 
  flightNo: String, 
  flightDate: String, 
  ticketHolderLastName: String, 
  origin: String, 
  destination: String, 
  gate: String, 
  depart: String, 
  boarding: String, 
  _?: Any
} {"description": "Represents a Ticket for a Passenger Flight."}

]]></types:shape>
    </types:type>
  </types:catalog>
  <types:enrichment select="#d58e86f0-c3bb-43c2-ac74-9f056f259bbb">
    <types:processor-declaration>
      <types:output-event>
        <types:variables>
          <types:variable name="ticket" type="auto_d58e86f0-c3bb-43c2-ac74-9f056f259bbb_Output-Variables-ticket"/>
        </types:variables>
      </types:output-event>
    </types:processor-declaration>
  </types:enrichment>
  <types:enrichment select="#b73737e1-afe0-46a3-9bcb-deaf6d24c3ce">
    <types:processor-declaration>
      <types:input-event>
        <types:variables>
          <types:variable name="ticket" type="auto_b73737e1-afe0-46a3-9bcb-deaf6d24c3ce_Input-Variables-ticket"/>
        </types:variables>
      </types:input-event>
      <types:output-event>
        <types:message>
          <types:payload type="auto_b73737e1-afe0-46a3-9bcb-deaf6d24c3ce_Output-Payload"/>
          <types:attributes type="auto_b73737e1-afe0-46a3-9bcb-deaf6d24c3ce_Output-Attributes"/>
        </types:message>
        <types:variables>
          <types:variable name="ticket" type="auto_b73737e1-afe0-46a3-9bcb-deaf6d24c3ce_Output-Variables-ticket"/>
        </types:variables>
      </types:output-event>
    </types:processor-declaration>
  </types:enrichment>
  <types:enrichment select="#07c7e6ac-fa83-49f4-8ee2-ef67b93a0b5b">
    <types:processor-declaration>
      <types:input-event>
        <types:variables>
          <types:variable name="checkIn" type="auto_07c7e6ac-fa83-49f4-8ee2-ef67b93a0b5b_Input-Variables-checkIn"/>
        </types:variables>
      </types:input-event>
      <types:output-event>
        <types:message>
          <types:payload type="auto_07c7e6ac-fa83-49f4-8ee2-ef67b93a0b5b_Output-Payload"/>
          <types:attributes type="auto_07c7e6ac-fa83-49f4-8ee2-ef67b93a0b5b_Output-Attributes"/>
        </types:message>
        <types:variables>
          <types:variable name="checkIn" type="auto_07c7e6ac-fa83-49f4-8ee2-ef67b93a0b5b_Output-Variables-checkIn"/>
          <types:variable name="ticket" type="auto_07c7e6ac-fa83-49f4-8ee2-ef67b93a0b5b_Output-Variables-ticket"/>
        </types:variables>
      </types:output-event>
    </types:processor-declaration>
  </types:enrichment>
</types:mule>