<?xml version="1.0" encoding="UTF-8"?>
<!--
  #%L
  MuleSoft Training - Anypoint Platform Development: Level 2
  %%
  Copyright (C) 2019 - 2021 MuleSoft, Inc. All rights reserved. http://www.mulesoft.com
  %%
  The software in this package is published under the terms of the
  Creative Commons Attribution-NonCommercial-NoDerivatives 4.0 International Public License,
  a copy of which has been included with this distribution in the LICENSE.txt file.
  #L%
  -->
<mule xmlns:os="http://www.mulesoft.org/schema/mule/os" xmlns:oauth="http://www.mulesoft.org/schema/mule/oauth" xmlns="http://www.mulesoft.org/schema/mule/core" xmlns:ee="http://www.mulesoft.org/schema/mule/ee/core" xmlns:api-gateway="http://www.mulesoft.org/schema/mule/api-gateway" xmlns:tls="http://www.mulesoft.org/schema/mule/tls" xmlns:secure-properties="http://www.mulesoft.org/schema/mule/secure-properties" xmlns:doc="http://www.mulesoft.org/schema/mule/documentation" xmlns:apikit="http://www.mulesoft.org/schema/mule/mule-apikit" xmlns:http="http://www.mulesoft.org/schema/mule/http" xmlns:xsi="http://www.w3.org/2001/XMLSchema-instance" xsi:schemaLocation="  http://www.mulesoft.org/schema/mule/core http://www.mulesoft.org/schema/mule/core/current/mule.xsd  http://www.mulesoft.org/schema/mule/ee/core http://www.mulesoft.org/schema/mule/ee/core/current/mule-ee.xsd  http://www.mulesoft.org/schema/mule/http http://www.mulesoft.org/schema/mule/http/current/mule-http.xsd  http://www.mulesoft.org/schema/mule/mule-apikit http://www.mulesoft.org/schema/mule/mule-apikit/current/mule-apikit.xsd   http://www.mulesoft.org/schema/mule/secure-properties http://www.mulesoft.org/schema/mule/secure-properties/current/mule-secure-properties.xsd  http://www.mulesoft.org/schema/mule/tls http://www.mulesoft.org/schema/mule/tls/current/mule-tls.xsd  http://www.mulesoft.org/schema/mule/api-gateway http://www.mulesoft.org/schema/mule/api-gateway/current/mule-api-gateway.xsd  
http://www.mulesoft.org/schema/mule/oauth http://www.mulesoft.org/schema/mule/oauth/current/mule-oauth.xsd
http://www.mulesoft.org/schema/mule/os http://www.mulesoft.org/schema/mule/os/current/mule-os.xsd">
  <global-property name="env" value="dev" doc:name="Default env to dev"/>
  <!-- 1st def of a property is preserved, so env-dependent takes priority over env-independent -->
  <configuration-properties file="${env}-properties.yaml" doc:name="Env Config Props"/>
  <secure-properties:config file="${env}-secure-properties.yaml" key="${encrypt.key}" name="secureEnvPropsConfig" doc:name="Secure Env Config Props">
    <secure-properties:encrypt algorithm="Blowfish"/>
  </secure-properties:config>
  <configuration-properties file="properties.yaml" doc:name="Config Props"/>
  <tls:context name="apiTLSContext" doc:name="TLS Context">
    <tls:key-store type="${tls.keystore.type}" path="${tls.keystore.path}" password="${secure::tls.keystore.password}" keyPassword="${secure::tls.keystore.keyPassword}" alias="${tls.keystore.alias}"/>
  </tls:context>
  <http:listener-config name="apiHttpListenerConfig">
    <http:listener-connection host="0.0.0.0" protocol="HTTPS" port="${https.port}" tlsContext="apiTLSContext"/>
  </http:listener-config>
  <apikit:config name="apiConfig" api="${api.raml}" outboundHeadersMapName="outboundHeaders" httpStatusVarName="httpStatus"/>
  <api-gateway:autodiscovery apiId="${api.id}" flowRef="api-main" doc:name="API Autodiscovery"/>
  <http:request-config name="paypalServerHttpRequestConfig" responseTimeout="${paypal.responseTimeoutMillis}" doc:name="PayPal API Request config">
		<http:request-connection >
			<http:authentication >
				<oauth:client-credentials-grant-type clientId="APP-80ANYAIRLINE8184JT3" clientSecret="1929FHDUAL8392K9ABKSNMM" tokenUrl="https://training-paypal-fake-api-sandbox-mjf1rw.5sc6y6-1.usa-e2.cloudhub.io/v1/oauth2/token" >
					<oauth:token-manager objectStore="tokenStore" />
				</oauth:client-credentials-grant-type>
			</http:authentication>
		</http:request-connection>
	</http:request-config>
	<os:object-store name="tokenStore" doc:name="Object store" doc:id="d0b04143-b57b-4454-b59f-bba47abeebfa" />

</mule>
