<?xml version="1.0" encoding="UTF-8"?>

<mule xmlns:http="http://www.mulesoft.org/schema/mule/http" xmlns="http://www.mulesoft.org/schema/mule/core"
	xmlns:doc="http://www.mulesoft.org/schema/mule/documentation"
	xmlns:xsi="http://www.w3.org/2001/XMLSchema-instance" xsi:schemaLocation="http://www.mulesoft.org/schema/mule/core http://www.mulesoft.org/schema/mule/core/current/mule.xsd
http://www.mulesoft.org/schema/mule/http http://www.mulesoft.org/schema/mule/http/current/mule-http.xsd">
	<flow name="api-alive" doc:id="047ee2dd-2e6c-455f-8996-1aff858ccf74" >
		<http:listener doc:name="alive GET" doc:id="cac2a280-e5f2-497f-b1eb-1389e526868c" path="/alive" config-ref="api-httpListenerConfig" allowedMethods="GET"/>
		<set-payload value='#[output application/json&#10;---&#10;{&#10;	"STATUS":"UP"&#10;}]' doc:name="JSON Status UP" doc:id="0638563e-e1d6-434b-a719-f843aa7361f5" />
	</flow>
	<flow name="api-ready" doc:id="7b06e7ca-f556-4b7b-83e7-d212bcd53398" >
		<http:listener doc:name="ready" doc:id="663baf2f-fecd-41ff-8d5c-224fb21ec083" config-ref="api-httpListenerConfig" path="/ready" allowedMethods="GET"/>
		<flow-ref doc:name="check-all-dependencies-are-alive" doc:id="4ed04b25-6112-4c00-8f65-bbc849beb10b" name="check-all-dependencies-are-alive"/>
		<set-payload value='#[output application/json&#10;---&#10;{&#10;	"STATUS":"READY"&#10;}]' doc:name="JSON Response Ready" doc:id="7a1cd996-50bf-417e-9e6b-5f830f1e85a1" />
	</flow>
</mule>
