<?xml version="1.0" encoding="UTF-8"?>
<!--
  #%L
  MuleSoft Training - Anypoint Platform Development: Level 2
  %%
  Copyright (C) 2019 - 2021 MuleSoft, Inc. All rights reserved. http://www.mulesoft.com
  %%
  The software in this package is published under the terms of the
  Creative Commons Attribution-NonCommercial-NoDerivatives 4.0 International Public License,
  a copy of which has been included with this distribution in the LICENSE.txt file.
  #L%
  -->
<mule xmlns:os="http://www.mulesoft.org/schema/mule/os" xmlns:pay-pal-sapi="http://www.mulesoft.org/schema/mule/pay-pal-sapi" xmlns:passenger-data-sapi="http://www.mulesoft.org/schema/mule/passenger-data-sapi" xmlns:flights-management-sapi="http://www.mulesoft.org/schema/mule/flights-management-sapi" xmlns="http://www.mulesoft.org/schema/mule/core" xmlns:secure-properties="http://www.mulesoft.org/schema/mule/secure-properties" xmlns:api-gateway="http://www.mulesoft.org/schema/mule/api-gateway" xmlns:apikit="http://www.mulesoft.org/schema/mule/mule-apikit" xmlns:doc="http://www.mulesoft.org/schema/mule/documentation" xmlns:http="http://www.mulesoft.org/schema/mule/http" xmlns:tls="http://www.mulesoft.org/schema/mule/tls" xmlns:ee="http://www.mulesoft.org/schema/mule/ee/core" xmlns:xsi="http://www.w3.org/2001/XMLSchema-instance" xsi:schemaLocation="  http://www.mulesoft.org/schema/mule/core http://www.mulesoft.org/schema/mule/core/current/mule.xsd  http://www.mulesoft.org/schema/mule/http http://www.mulesoft.org/schema/mule/http/current/mule-http.xsd  http://www.mulesoft.org/schema/mule/mule-apikit http://www.mulesoft.org/schema/mule/mule-apikit/current/mule-apikit.xsd  http://www.mulesoft.org/schema/mule/tls http://www.mulesoft.org/schema/mule/tls/current/mule-tls.xsd  http://www.mulesoft.org/schema/mule/api-gateway http://www.mulesoft.org/schema/mule/api-gateway/current/mule-api-gateway.xsd  http://www.mulesoft.org/schema/mule/ee/core http://www.mulesoft.org/schema/mule/ee/core/current/mule-ee.xsd  http://www.mulesoft.org/schema/mule/secure-properties http://www.mulesoft.org/schema/mule/secure-properties/current/mule-secure-properties.xsd  
http://www.mulesoft.org/schema/mule/flights-management-sapi http://www.mulesoft.org/schema/mule/flights-management-sapi/current/mule-flights-management-sapi.xsd
http://www.mulesoft.org/schema/mule/passenger-data-sapi http://www.mulesoft.org/schema/mule/passenger-data-sapi/current/mule-passenger-data-sapi.xsd
http://www.mulesoft.org/schema/mule/pay-pal-sapi http://www.mulesoft.org/schema/mule/pay-pal-sapi/current/mule-pay-pal-sapi.xsd
http://www.mulesoft.org/schema/mule/os http://www.mulesoft.org/schema/mule/os/current/mule-os.xsd">
  <global-property name="env" value="dev" doc:name="Default env to dev"/>
  <!-- 1st def of a property is preserved, so env-dependent takes priority over env-independent -->
  <configuration-properties file="${env}-properties.yaml" doc:name="Env Config Props"/>
  <secure-properties:config file="${env}-secure-properties.yaml" key="${encrypt.key}" name="secureEnvPropsConfig" doc:name="Secure Env Config Props">
    <secure-properties:encrypt algorithm="Blowfish"/>
  </secure-properties:config>
  <configuration-properties file="properties.yaml" doc:name="Config Props"/>
  <tls:context name="apiTLSContext" doc:name="TLS Context">
    <tls:key-store type="${tls.keystore.type}" path="${tls.keystore.path}" password="${secure::tls.keystore.password}" keyPassword="${secure::tls.keystore.keyPassword}" alias="${tls.keystore.alias}"/>
  </tls:context>
  <http:listener-config name="apiHttpListenerConfig" doc:name="API Listener HTTP Config">
    <http:listener-connection host="0.0.0.0" protocol="HTTPS" port="${https.port}" tlsContext="apiTLSContext"/>
  </http:listener-config>
  <apikit:config name="apiConfig" api="${api.spec}" outboundHeadersMapName="outboundHeaders" httpStatusVarName="httpStatus" doc:name="APIKit Config"/>
  <api-gateway:autodiscovery apiId="${api.id}" flowRef="api-main" doc:name="API Autodiscovery"/>
	<flights-management-sapi:config name="Flights_Management_SAPI_Config" doc:name="Flights Management SAPI Config" doc:id="5f69def4-ef2d-4979-8f85-5aeef340c201" property_username="e66105d66e8b4520b091127620221cce" property_password="A1c099D51C50420b84641D71b229EBac" property_host="tngaa-flights-management-sapi-dev-9yj2rh.rajrd4-2.usa-e1.cloudhub.io" property_responseTimeout="${connectors.timeout}"/>
	<passenger-data-sapi:config name="Passenger_Data_SAPI_Config" doc:name="Passenger Data SAPI Config" doc:id="e12a7ab2-d1e6-4cf2-a145-2aaafdb939ad" property_username="e66105d66e8b4520b091127620221cce" property_password="A1c099D51C50420b84641D71b229EBac" property_host="tngaa-passenger-data-sapi-dev-9yj2rh.rajrd4-2.usa-e1.cloudhub.io" property_responseTimeout="${connectors.timeout}"/>
	<pay-pal-sapi:config name="PayPal_SAPI_Config" doc:name="PayPal SAPI Config" doc:id="0bf14dbf-f1df-4c43-9ae0-9a4410f6c74a" property_username="e66105d66e8b4520b091127620221cce" property_password="A1c099D51C50420b84641D71b229EBac" property_host="tngaa-paypal-sapi-dev-9yj2rh.rajrd4-2.usa-e1.cloudhub.io" property_responseTimeout="${connectors.timeout}"/>
	<global-property doc:name="Global Property" doc:id="ad59d3df-d9e3-4115-a415-20a8194712f5" name="encrypt.key" value="secure12345" />
	<os:object-store name="pnrObjectStore" doc:name="Object store" doc:id="26461191-8d37-4db1-850b-4d118d1b07d2" entryTtl="1" expirationInterval="30" entryTtlUnit="HOURS"/>

</mule>
