<?xml version="1.0" encoding="UTF-8"?>
<!--
  #%L
  MuleSoft Training - Anypoint Platform Development: Level 2
  %%
  Copyright (C) 2019 - 2021 MuleSoft, Inc. All rights reserved. http://www.mulesoft.com
  %%
  The software in this package is published under the terms of the
  Creative Commons Attribution-NonCommercial-NoDerivatives 4.0 International Public License,
  a copy of which has been included with this distribution in the LICENSE.txt file.
  #L%
  -->
<mule xmlns="http://www.mulesoft.org/schema/mule/core" xmlns:core="http://www.mulesoft.org/schema/mule/core" xmlns:http="http://www.mulesoft.org/schema/mule/http" xmlns:doc="http://www.mulesoft.org/schema/mule/documentation" xmlns:xsi="http://www.w3.org/2001/XMLSchema-instance" xsi:schemaLocation="  http://www.mulesoft.org/schema/mule/core http://www.mulesoft.org/schema/mule/core/current/mule.xsd   http://www.mulesoft.org/schema/mule/http http://www.mulesoft.org/schema/mule/http/current/mule-http.xsd  ">
  <import file="health-common.xml" doc:name="Import health-common.xml"/>
  <sub-flow name="check-all-dependencies-are-alive">
		<scatter-gather doc:name="Scatter-Gather" doc:id="ecacd5ff-38ec-47ee-b636-6e27b1e67f30" >
			<route >
				<http:request method="GET" doc:name="Check FMS is Alive" doc:id="76ee92c1-67e0-457b-acc8-a88a9ce3853e" url="${urls.fms-endpoint}" responseTimeout="#[1000]">
					<http:response-validator >
						<http:success-status-code-validator values="#[200]" />
					</http:response-validator>
				</http:request>
			</route>
			<route >
				<http:request method="GET" doc:name="Check PDS is Alive" doc:id="7d08b162-d3a4-4501-bcf2-c8fbc1752712" url="https://tngaa-passenger-data-sapi-dev-9yj2rh.rajrd4-2.usa-e1.cloudhub.io/alive" responseTimeout="#[1000]">
					<http:response-validator >
						<http:success-status-code-validator values="#[200]" />
					</http:response-validator>
				</http:request>
			</route>
			<route >
				<http:request method="GET" doc:name="Check PayPal is Alive" doc:id="def9fa5d-2812-4749-946b-af268fffdedc" url="https://tngaa-paypal-sapi-dev-9yj2rh.rajrd4-2.usa-e1.cloudhub.io/alive" responseTimeout="#[1000]">
					<http:response-validator >
						<http:success-status-code-validator values="#[200]" />
					</http:response-validator>
				</http:request>
			</route>
		</scatter-gather>
  
</sub-flow>
</mule>
