<?xml version="1.0" encoding="UTF-8"?>

<mule xmlns="http://www.mulesoft.org/schema/mule/core" xmlns:doc="http://www.mulesoft.org/schema/mule/documentation"
	xmlns:xsi="http://www.w3.org/2001/XMLSchema-instance"
	xsi:schemaLocation="http://www.mulesoft.org/schema/mule/core http://www.mulesoft.org/schema/mule/core/current/mule.xsd">
	<flow name="compensate-check-in-flights-management" doc:id="a6967b8c-d613-458a-9ecd-0aa873fe618b" >
		<logger level="INFO" doc:name="Logger" doc:id="60fa82a5-89b7-4da8-b228-ef2e5c3522bd" message='#["Must compensate for successful checkin-flights-management"]'/>
	</flow>
	<flow name="compensate-register-passenger-data" doc:id="a3430d2a-deb3-4bd3-a5ce-af6191261886" >
		<logger level="INFO" doc:name="Logger" doc:id="2249796e-cdc4-4f14-940b-5b2ce46518a7" message='#["Must compensate for successful register-passenger-data"]'/>
	</flow>
	<flow name="compensate-create-payment-for-bags" doc:id="70882337-f5b3-4291-9bdc-b8fe2f6d4515" >
		<logger level="INFO" doc:name="Logger" doc:id="5f5f326f-c69e-4646-bc31-46257d9811fc" message='#["Must compensate for successful create-payment-for-bags"]'/>
	</flow>
</mule>
