<?xml version="1.0" encoding="UTF-8"?>
<!--
  #%L
  MuleSoft Training - Anypoint Platform Development: Level 2
  %%
  Copyright (C) 2019 - 2021 MuleSoft, Inc. All rights reserved. http://www.mulesoft.com
  %%
  The software in this package is published under the terms of the
  Creative Commons Attribution-NonCommercial-NoDerivatives 4.0 International Public License,
  a copy of which has been included with this distribution in the LICENSE.txt file.
  #L%
  -->
<mule xmlns:os="http://www.mulesoft.org/schema/mule/os" xmlns:validation="http://www.mulesoft.org/schema/mule/validation" xmlns:pay-pal-sapi="http://www.mulesoft.org/schema/mule/pay-pal-sapi" xmlns:passenger-data-sapi="http://www.mulesoft.org/schema/mule/passenger-data-sapi" xmlns:flights-management-sapi="http://www.mulesoft.org/schema/mule/flights-management-sapi" xmlns="http://www.mulesoft.org/schema/mule/core" xmlns:api-gateway="http://www.mulesoft.org/schema/mule/api-gateway" xmlns:apikit="http://www.mulesoft.org/schema/mule/mule-apikit" xmlns:doc="http://www.mulesoft.org/schema/mule/documentation" xmlns:http="http://www.mulesoft.org/schema/mule/http" xmlns:tls="http://www.mulesoft.org/schema/mule/tls" xmlns:ee="http://www.mulesoft.org/schema/mule/ee/core" xmlns:tracing="http://www.mulesoft.org/schema/mule/tracing" xmlns:xsi="http://www.w3.org/2001/XMLSchema-instance" xsi:schemaLocation="  http://www.mulesoft.org/schema/mule/core http://www.mulesoft.org/schema/mule/core/current/mule.xsd  http://www.mulesoft.org/schema/mule/http http://www.mulesoft.org/schema/mule/http/current/mule-http.xsd  http://www.mulesoft.org/schema/mule/mule-apikit http://www.mulesoft.org/schema/mule/mule-apikit/current/mule-apikit.xsd  http://www.mulesoft.org/schema/mule/tls http://www.mulesoft.org/schema/mule/tls/current/mule-tls.xsd  http://www.mulesoft.org/schema/mule/api-gateway http://www.mulesoft.org/schema/mule/api-gateway/current/mule-api-gateway.xsd  http://www.mulesoft.org/schema/mule/ee/core http://www.mulesoft.org/schema/mule/ee/core/current/mule-ee.xsd   http://www.mulesoft.org/schema/mule/tracing http://www.mulesoft.org/schema/mule/tracing/current/mule-tracing.xsd
http://www.mulesoft.org/schema/mule/flights-management-sapi http://www.mulesoft.org/schema/mule/flights-management-sapi/current/mule-flights-management-sapi.xsd
http://www.mulesoft.org/schema/mule/passenger-data-sapi http://www.mulesoft.org/schema/mule/passenger-data-sapi/current/mule-passenger-data-sapi.xsd
http://www.mulesoft.org/schema/mule/pay-pal-sapi http://www.mulesoft.org/schema/mule/pay-pal-sapi/current/mule-pay-pal-sapi.xsd
http://www.mulesoft.org/schema/mule/validation http://www.mulesoft.org/schema/mule/validation/current/mule-validation.xsd
http://www.mulesoft.org/schema/mule/os http://www.mulesoft.org/schema/mule/os/current/mule-os.xsd">
  <flow name="check-in-by-pnr">
    <tracing:set-logging-variable variableName="PNR" value="#[vars.PNR default '']" doc:name="Set PNR tracing var"/>
    <logger level="INFO" message="#['Checking-in by PNR: ' ++ (vars.PNR default '')]" doc:name="START"/>
    <set-variable variableName="checkIn" value="#[payload]" doc:name="checkIn"/>
		<flow-ref doc:name="validate-ticket-passport-matches" doc:id="3d690e42-2fe9-4886-938f-9436e698c378" name="validate-ticket-passport-matches"/>
    <try doc:name="Try" doc:id="8a7638de-f126-4c2d-ab6e-b7e3de74d94a" >
			<scatter-gather doc:name="Scatter-Gather" doc:id="13749b9a-cc2a-4f4b-89ef-51cd915ffb31">
			<route>
				<flow-ref name="check-in-flights-management" doc:name="check-in-flights-management" />
			</route>
			<route>
				<flow-ref name="register-passenger-data" doc:name="register-passenger-data" />
			</route>
			<route>
				<flow-ref name="create-payment-for-bags" doc:name="create-payment-for-bags" />
			</route>
		</scatter-gather>
			<error-handler >
				<on-error-propagate enableNotifications="true" logException="true" doc:name="On Error Propagate" doc:id="54f9baa3-6b39-41ef-92aa-d64587253548" type="MULE:COMPOSITE_ROUTING">
					<set-variable variableName="successfulRouteIndexes" value="#[(error.errorMessage.payload.results pluck $$ as Number)]" doc:name="Set Var SuccessfulRouteIndexes"/>
					<set-variable variableName="failedRouteIndexes" value="#[(error.errorMessage.payload.failures pluck $$ as Number)]" doc:name="Set Var FailedRouteIndexes"/>
					<logger level="INFO" doc:name="Logger" doc:id="7c556b3b-2b5a-4ac5-860a-1371a1b7577d" message="#[error.description]"/>
					<set-variable value='#[[ "compensate-check-in-flights-management", "compensate-register-passenger-data", "compensate-create-payment-for-bags" ]]' doc:name="Set Var allCompensationFlows" doc:id="b5545f2c-71a9-48c0-a299-7486cd65c29f" variableName="allCompensationFlows"/>
					<set-variable value='#[vars.successfulRouteIndexes map vars.allCompensationFlows[$]]' doc:name="Set Var compensationFlows" doc:id="12e88846-2321-4b28-b282-b60a3c52e59a" variableName="compensationFlows"/>
					<foreach doc:name="For Each" doc:id="3c479404-6ec5-461e-a2ec-e56fbebad514" collection="#[vars.compensationFlows]">
						<flow-ref doc:name="Flow Reference" doc:id="54268a21-8041-483a-9db1-158c8f3d905f" name="#[payload]"/>
					</foreach>
				</on-error-propagate>
			</error-handler>
		</try>
		<os:store doc:name="Store" doc:id="aca9b02e-6bfe-4b56-99dd-25b1becb0818" key="#[vars.PNR]" objectStore="pnrObjectStore">
			<os:value ><![CDATA[#[{
       checkIn: vars.checkIn,
       ticket: vars.ticket
}]]]></os:value>
		</os:store>
		<ee:transform>
      <ee:message>
        <ee:set-payload><![CDATA[%dw 2.0
output application/json
//var paypalReturn = payload['2'].payload
---
{
//	paymentID: paypalReturn.paymentID
//	paymentID: payload.['2'].payload.paymentID
	paymentID: payload."2".payload.paymentID
}]]></ee:set-payload>
      </ee:message>
    </ee:transform>
    <logger level="INFO" message="Checked-in by PNR" doc:name="END"/>
  </flow>
  <flow name="check-in-flights-management">
    <ee:transform doc:name="Transform Message" doc:id="ccec22b1-cb9a-4e68-b58c-e5ad6ccd1df8" >
			<ee:message >
				<ee:set-payload ><![CDATA[%dw 2.0
output application/json
---
{
       lastName: vars.checkIn.lastName,
       numBags: vars.checkIn.numBags
}]]></ee:set-payload>
			</ee:message>
		</ee:transform>
		<flights-management-sapi:update-checkins-by-pnr doc:name="Update checkins by pnr" doc:id="6afcd473-9646-47c8-af96-78a310a536b3" config-ref="Flights_Management_SAPI_Config" pnr="#[vars.PNR]"/>
		<logger message="#[payload]" level="INFO"/>
  </flow>
  <flow name="validate-ticket-passport-matches" doc:id="07c7e6ac-fa83-49f4-8ee2-ef67b93a0b5b" >
		<flow-ref doc:name="get-ticket-by-pnr" doc:id="78d1c151-b4be-4593-b5e2-62a0fc8b12f3" name="get-ticket-by-pnr"/>
		<validation:is-true doc:name="getting ticket info successful" doc:id="43a57ea4-9d04-4ba5-a71a-d7cd2ba63e5f" expression="#[vars.getTicketSuccesful]" message='#["Error al validar el ticket"]'/>
		<choice>
		<when expression="#[not vars.ticket.ticketHolderLastName == vars.checkIn.lastName]">
           <raise-error type="APP:LASTNAME_MISMATCH" />
         </when>
       </choice>
		<flow-ref doc:name="get-passenger-data-by-passport" doc:id="36cadc2c-ac94-4a17-b6d8-ecfda412b725" name="get-passenger-data-by-passport" target="passenger"/>
	</flow>
	<flow name="get-ticket-by-pnr" doc:id="d58e86f0-c3bb-43c2-ac74-9f056f259bbb" >
		<until-successful maxRetries="2" doc:name="Until Successful" doc:id="2bb9e94a-e4e3-4043-9a86-e10f56d6f758" millisBetweenRetries="1000">
			<flights-management-sapi:get-ticket-by-pnr doc:name="Get ticket by pnr" doc:id="137f35f3-2c8e-408f-a2e8-c5b97c4aae72" config-ref="Flights_Management_SAPI_Config" pnr="#[vars.PNR]" target="ticket" />
		</until-successful>
		<set-variable value="#[true]" doc:name="getTicketSuccesful TRUE" doc:id="1b08364c-9887-449a-be93-4245ebdf7473" variableName="getTicketSuccesful"/>
		<error-handler >
			<on-error-continue enableNotifications="true" logException="true" doc:name="On Error Continue" doc:id="e546e607-a97e-4b24-94b8-fc3dd3206db0" type="MULE:RETRY_EXHAUSTED">
				<ee:transform doc:name="Transform Message" doc:id="cc26163c-de8f-413e-bed6-3cf3e67ad286" >
					<ee:message >
						<ee:set-payload ><![CDATA[%dw 2.0
output application/json
---
{
   statusCode: error.exception.cause.cause.cause.errorMessage.attributes.statusCode,
   reason: error.exception.cause.cause.cause.errorMessage.attributes.reasonPhrase,
   message: error.exception.cause.cause.cause.errorMessage.typedValue,
   service: error.exception.cause.cause.cause.detailMessage
}]]></ee:set-payload>
					</ee:message>
				</ee:transform>
				<set-variable value="#[false]" doc:name="getTicketSuccesful FALSE" doc:id="2164302f-c833-4999-b599-01d0540dad3a" variableName="getTicketSuccesful"/>
				<logger level="INFO" doc:name="Logger" doc:id="990923c4-0939-4ea3-aba3-824d56521998" message="#[payload]"/>
			</on-error-continue>
		</error-handler>
	</flow>
	<flow name="get-passenger-data-by-passport" doc:id="b73737e1-afe0-46a3-9bcb-deaf6d24c3ce" >
		<ee:cache doc:name="Cache" doc:id="b9640fea-c505-46b0-af85-c3ccdd55a15b" >
			<passenger-data-sapi:get-passengers doc:name="Get passengers" doc:id="90cb5da9-2794-4823-b2aa-d01268614378" config-ref="Passenger_Data_SAPI_Config" passport-no="#[vars.ticket.ticketHolderPassPortNo]" />
		</ee:cache>
		<logger level="INFO" doc:name="Logger" doc:id="f8a36683-d5a0-43d8-ad8c-9e9bc9f1f2ae" message="#[payload]"/>
	</flow>
	<flow name="register-passenger-data">
    <ee:transform doc:name="Transform Message" doc:id="f27eb129-f1cf-4a19-bb08-410b8d21213c" >
			<ee:message >
				<ee:set-payload ><![CDATA[%dw 2.0
output application/json
---
{
    "date_checkin": now() >> "UTC",
    "destination": vars.ticket.destination,
    "flight_date": vars.ticket.flightDate,
    "flight_no": vars.ticket.flightNo,
    "origin": vars.ticket.origin
}]]></ee:set-payload>
			</ee:message>
		</ee:transform>
		<passenger-data-sapi:create-flight-by-lno doc:name="Create flight by lno" doc:id="94b4e547-e416-499c-9d41-d663eedab910" config-ref="Passenger_Data_SAPI_Config" lno="#[vars.passenger.loyaltyNo]"/>
		<logger message="#[payload]" level="INFO"/>
  </flow>
  <flow name="create-payment-for-bags">
    <ee:transform doc:name="Transform Message" doc:id="e0213c3e-f7f7-4ecd-a0c5-0cdf7234747b" >
			<ee:message >
				<ee:set-payload ><![CDATA[%dw 2.0
output application/json
var numBags = vars.checkIn.numBags default 0
var bagRate = 33.3
---
{
    description: "Check-In of $(numBags) bags at USD $(bagRate)each.",
    amount: bagRate*numBags
}]]></ee:set-payload>
			</ee:message>
		</ee:transform>
		<pay-pal-sapi:create-payment doc:name="Create payment" doc:id="5ec5a481-9262-43bd-9ee0-0ffe68e4ccea" config-ref="PayPal_SAPI_Config"/>
		<logger/>
    <error-handler>
      <on-error-continue>
        <raise-error type="APP:CANT_CREATE_PAYMENT"/>
      </on-error-continue>
    </error-handler>
  </flow>
  <flow name="payment-approval-by-pnr">
<!-- [STUDIO:"Contains"]	<os:contains key="#[vars.PNR]" target="existsPNR" objectStore="pnrObjectStore"/> [STUDIO] -->
<!-- [STUDIO:"Is true"]	<validation:is-true expression="#[vars.existsPNR]" message="PNR check-in expired for this passenger. Passenger needs to check in again.">
		<error-mapping targetType="EXT:BAD_REQUEST"/>
	</validation:is-true> [STUDIO] -->
	<logger level="INFO" message="#['Approving payment by PNR: ' ++ (vars.PNR default '')]" doc:name="START"/>
    <flow-ref name="update-approvals" doc:name="update-approvals"/>
    <flow-ref name="get-boarding-pass" doc:name="get-boarding-pass"/>
    <logger level="INFO" message="Approved payment by PNR" doc:name="END"/>
  </flow>
  <flow name="update-approvals">
     <pay-pal-sapi:update-approvals-by-payment-id config-ref="PayPal_SAPI_Config" payment-id="#[payload.paymentID]">
       <error-mapping sourceType="PAY-PAL-SAPI:BAD_REQUEST" targetType="APP:INVALID_PAYMENT"/>
       <pay-pal-sapi:update-approvals-by-payment-id-request-data><![CDATA[#[output application/json --- {payerID: payload.payerID}]]]></pay-pal-sapi:update-approvals-by-payment-id-request-data>
     </pay-pal-sapi:update-approvals-by-payment-id>
   </flow>
   <flow name="get-boarding-pass">
    <validation:is-not-blank-string value="#[vars.PNR]" doc:name="PNR"/>
		<os:retrieve key="#[vars.PNR]" objectStore="pnrObjectStore" doc:name="OS: Get data associated with PNR">
      <os:default-value><![CDATA[#[null]]]></os:default-value>
    </os:retrieve>
    <logger level="INFO" message="Finished retrieving data associated with PNR to build boarding pass from Object Store" doc:name="FLOW"/>
    <validation:is-not-null value="#[payload]" doc:name="payload else raise NO_PNR">
      <error-mapping targetType="APP:NO_PNR"/>
    </validation:is-not-null>
    <ee:transform doc:name="Build BoardingPass object">
      <ee:message>
        <ee:set-payload><![CDATA[%dw 2.0
output application/json
//var numBags = if (payload.checkIn.numBags > 0) payload.checkIn.numBags else 0
---
{
    PNR: vars.PNR,
    lastName: payload.ticket.ticketHolderLastName,
    airportArrive: payload.ticket.destination,
    airportDepart: payload.ticket.origin,
    bagsCount: 1, //numBags,
    flight: payload.ticket.flightNo,
    flightDate: payload.ticket.flightDate,
    depart: payload.ticket.depart,
    boarding: payload.ticket.boarding,
    class: payload.ticket.class,  
    gate: payload.ticket.gate,
    seat: payload.ticket.seat
}]]></ee:set-payload>
      </ee:message>
    </ee:transform>
    <os:remove doc:name="OS: Clear data for this PNR" key="#[vars.PNR]" objectStore="pnrObjectStore"/>
    <validation:is-not-null value="#[payload]" doc:name="payload"/>
    <error-handler>
      <on-error-propagate type="APP:NO_PNR">
        <logger level="ERROR" message="PNR data does not exist even though it should!" doc:name="EXCEPTION"/>
        <set-payload value="#[{message: 'PNR data does not exist for passenger even though it should.'}]" doc:name="error"/>
        <set-variable value="500" doc:name="httpStatus" variableName="httpStatus"/>
      </on-error-propagate>
    </error-handler>
  </flow>
</mule>
