<?xml version='1.0' encoding='UTF-8'?>
<types:mule xmlns:types="http://www.mulesoft.org/schema/mule/types">
  <types:catalog>
    <types:type name="auto_281dcf7c-dc6d-425f-ad0c-e23783024f1a_Input-Variables-outboundHeaders" format="java">
      <types:shape format="weave" example="weave/autogenerated/281dcf7c-dc6d-425f-ad0c-e23783024f1a/Input-Variables-outboundHeaders.wev" autogeneratedOrigin="bb90cd65-fcfa-4834-9981-19c0de2d9a89"><![CDATA[%dw 2.0

type auto_281dcf7c_dc6d_425f_ad0c_e23783024f1a_Input_Variables_outboundHeaders = {|  |}

]]></types:shape>
    </types:type>
    <types:type name="auto_281dcf7c-dc6d-425f-ad0c-e23783024f1a_Input-Variables-httpStatus" format="java">
      <types:shape format="raml" autogeneratedOrigin="bb90cd65-fcfa-4834-9981-19c0de2d9a89"><![CDATA[#%RAML 1.0 DataType
type: string]]></types:shape>
    </types:type>
    <types:type name="auto_281dcf7c-dc6d-425f-ad0c-e23783024f1a_Input-Payload" format="json">
      <types:shape format="weave" example="weave/autogenerated/281dcf7c-dc6d-425f-ad0c-e23783024f1a/Input-Payload.wev" autogeneratedOrigin="bb90cd65-fcfa-4834-9981-19c0de2d9a89"><![CDATA[%dw 2.0

type auto_281dcf7c_dc6d_425f_ad0c_e23783024f1a_Input_Payload = {
  lastName: String, 
  numBags: Number, 
  _?: Any
} {"description": "Represents a check-in request for a given passenger."}

]]></types:shape>
    </types:type>
    <types:type name="auto_281dcf7c-dc6d-425f-ad0c-e23783024f1a_Input-Attributes" format="java">
      <types:shape format="weave" example="weave/autogenerated/281dcf7c-dc6d-425f-ad0c-e23783024f1a/Input-Attributes.wev" autogeneratedOrigin="bb90cd65-fcfa-4834-9981-19c0de2d9a89"><![CDATA[%dw 2.0

type auto_281dcf7c_dc6d_425f_ad0c_e23783024f1a_Input_Attributes = {|
  clientCertificate?: {|
    publicKey?: {|  |}, 
    "type"?: String, 
    encoded?: Binary
  |}, 
  headers: {|  |}, 
  listenerPath: String, 
  method: String, 
  queryParams: {|  |}, 
  queryString: String, 
  relativePath: String, 
  remoteAddress: String, 
  requestPath: String, 
  requestUri: String, 
  scheme: String, 
  uriParams: {| PNR: String |}, 
  version: String, 
  localAddress: String
|}

]]></types:shape>
    </types:type>
    <types:type name="auto_bea51402-237e-4b62-aaaf-fcabf601c7ba_Input-Payload" format="json">
      <types:shape format="weave" example="weave/autogenerated/bea51402-237e-4b62-aaaf-fcabf601c7ba/Input-Payload.wev" autogeneratedOrigin="7be58993-a2e4-44f2-ad31-6863e1e9c2a0"><![CDATA[%dw 2.0

type auto_bea51402_237e_4b62_aaaf_fcabf601c7ba_Input_Payload = {
  paymentID: String, 
  payerID: String, 
  _?: Any
} {"description": "Represents an approved Payment linked to the Payment requested and the Payer that made the payment by ID."}

]]></types:shape>
    </types:type>
    <types:type name="auto_bea51402-237e-4b62-aaaf-fcabf601c7ba_Input-Attributes" format="java">
      <types:shape format="weave" example="weave/autogenerated/bea51402-237e-4b62-aaaf-fcabf601c7ba/Input-Attributes.wev" autogeneratedOrigin="7be58993-a2e4-44f2-ad31-6863e1e9c2a0"><![CDATA[%dw 2.0

type auto_bea51402_237e_4b62_aaaf_fcabf601c7ba_Input_Attributes = {|
  clientCertificate?: {|
    publicKey?: {|  |}, 
    "type"?: String, 
    encoded?: Binary
  |}, 
  headers: {|  |}, 
  listenerPath: String, 
  method: String, 
  queryParams: {|  |}, 
  queryString: String, 
  relativePath: String, 
  remoteAddress: String, 
  requestPath: String, 
  requestUri: String, 
  scheme: String, 
  uriParams: {| PNR: String |}, 
  version: String, 
  localAddress: String
|}

]]></types:shape>
    </types:type>
    <types:type name="auto_bea51402-237e-4b62-aaaf-fcabf601c7ba_Input-Variables-outboundHeaders" format="java">
      <types:shape format="weave" example="weave/autogenerated/bea51402-237e-4b62-aaaf-fcabf601c7ba/Input-Variables-outboundHeaders.wev" autogeneratedOrigin="7be58993-a2e4-44f2-ad31-6863e1e9c2a0"><![CDATA[%dw 2.0

type auto_bea51402_237e_4b62_aaaf_fcabf601c7ba_Input_Variables_outboundHeaders = {|  |}

]]></types:shape>
    </types:type>
    <types:type name="auto_bea51402-237e-4b62-aaaf-fcabf601c7ba_Input-Variables-httpStatus" format="java">
      <types:shape format="raml" autogeneratedOrigin="7be58993-a2e4-44f2-ad31-6863e1e9c2a0"><![CDATA[#%RAML 1.0 DataType
type: string]]></types:shape>
    </types:type>
  </types:catalog>
  <types:enrichment select="#281dcf7c-dc6d-425f-ad0c-e23783024f1a">
    <types:processor-declaration>
      <types:input-event>
        <types:message>
          <types:payload type="auto_281dcf7c-dc6d-425f-ad0c-e23783024f1a_Input-Payload"/>
          <types:attributes type="auto_281dcf7c-dc6d-425f-ad0c-e23783024f1a_Input-Attributes"/>
        </types:message>
        <types:variables>
          <types:variable name="outboundHeaders" type="auto_281dcf7c-dc6d-425f-ad0c-e23783024f1a_Input-Variables-outboundHeaders"/>
          <types:variable name="httpStatus" type="auto_281dcf7c-dc6d-425f-ad0c-e23783024f1a_Input-Variables-httpStatus"/>
        </types:variables>
      </types:input-event>
    </types:processor-declaration>
  </types:enrichment>
  <types:enrichment select="#bea51402-237e-4b62-aaaf-fcabf601c7ba">
    <types:processor-declaration>
      <types:input-event>
        <types:message>
          <types:payload type="auto_bea51402-237e-4b62-aaaf-fcabf601c7ba_Input-Payload"/>
          <types:attributes type="auto_bea51402-237e-4b62-aaaf-fcabf601c7ba_Input-Attributes"/>
        </types:message>
        <types:variables>
          <types:variable name="outboundHeaders" type="auto_bea51402-237e-4b62-aaaf-fcabf601c7ba_Input-Variables-outboundHeaders"/>
          <types:variable name="httpStatus" type="auto_bea51402-237e-4b62-aaaf-fcabf601c7ba_Input-Variables-httpStatus"/>
        </types:variables>
      </types:input-event>
    </types:processor-declaration>
  </types:enrichment>
</types:mule>