{
   "definitions":{},
   "$schema":"http://json-schema.org/draft-07/schema#",
   "$id":"http://training.mulesoft.com/FlightCancelledEvent.schema.json",
   "type":"object",
   "title":"FlightCancelledEvent",
   "properties":{
      "pnr":{
         "$id":"#/properties/pnr",
         "type":"integer",
         "examples":[
            "12345"
         ]
      },
      "lastNameOfPassenger":{
         "$id":"#/properties/lastNameOfPassenger",
         "type":"string",
         "minLength": 4,
         "examples":[
            "Mule"
         ]
      }
   },
   "required":[
      "lastNameOfPassenger"
   ]
}