<?xml version='1.0' encoding='UTF-8'?>
<types:mule xmlns:types="http://www.mulesoft.org/schema/mule/types">
  <types:catalog>
    <types:type name="auto_5ddb5895-654f-4a35-bada-3a2486a1b53e_Input-Payload" format="java">
      <types:shape format="weave" example="weave/autogenerated/5ddb5895-654f-4a35-bada-3a2486a1b53e/Input-Payload.wev" autogeneratedOrigin="4ed04b25-6112-4c00-8f65-bbc849beb10b"><![CDATA[%dw 2.0

type auto_5ddb5895_654f_4a35_bada_3a2486a1b53e_Input_Payload = Any

]]></types:shape>
    </types:type>
    <types:type name="auto_5ddb5895-654f-4a35-bada-3a2486a1b53e_Input-Attributes" format="java">
      <types:shape format="weave" example="weave/autogenerated/5ddb5895-654f-4a35-bada-3a2486a1b53e/Input-Attributes.wev" autogeneratedOrigin="4ed04b25-6112-4c00-8f65-bbc849beb10b"><![CDATA[%dw 2.0

type auto_5ddb5895_654f_4a35_bada_3a2486a1b53e_Input_Attributes = {|
  listenerPath: String, 
  rawRequestPath: String, 
  relativePath: String, 
  maskedRequestPath: String, 
  version: String, 
  scheme: String, 
  method: String, 
  requestUri: String, 
  rawRequestUri: String, 
  queryString: String, 
  localAddress: String, 
  remoteAddress: String, 
  clientCertificate?: java_security_cert_Certificate, 
  queryParams: { _?: String }, 
  uriParams: { _?: String }, 
  requestPath: String, 
  headers: { _?: String }
|} {"typeAlias": "HttpRequestAttributes",
"typeId": "org.mule.extension.http.api.HttpRequestAttributes"}
type java_security_cert_Certificate = {|
  encoded?: Binary, 
  publicKey?: java_security_PublicKey, 
  "type"?: String
|} {"typeAlias": "Certificate",
"typeId": "java.security.cert.Certificate"}
type java_security_PublicKey = {|  |} {"typeAlias": "PublicKey",
"typeId": "java.security.PublicKey"}





]]></types:shape>
    </types:type>
    <types:type name="auto_5ddb5895-654f-4a35-bada-3a2486a1b53e_Output-Payload" format="java">
      <types:shape format="weave" example="weave/autogenerated/5ddb5895-654f-4a35-bada-3a2486a1b53e/Output-Payload.wev" autogeneratedOrigin="4ed04b25-6112-4c00-8f65-bbc849beb10b"><![CDATA[%dw 2.0

type auto_5ddb5895_654f_4a35_bada_3a2486a1b53e_Output_Payload = Any

]]></types:shape>
    </types:type>
    <types:type name="auto_5ddb5895-654f-4a35-bada-3a2486a1b53e_Output-Attributes" format="java">
      <types:shape format="weave" example="weave/autogenerated/5ddb5895-654f-4a35-bada-3a2486a1b53e/Output-Attributes.wev" autogeneratedOrigin="4ed04b25-6112-4c00-8f65-bbc849beb10b"><![CDATA[%dw 2.0

type auto_5ddb5895_654f_4a35_bada_3a2486a1b53e_Output_Attributes = {|
  listenerPath: String, 
  rawRequestPath: String, 
  relativePath: String, 
  maskedRequestPath: String, 
  version: String, 
  scheme: String, 
  method: String, 
  requestUri: String, 
  rawRequestUri: String, 
  queryString: String, 
  localAddress: String, 
  remoteAddress: String, 
  clientCertificate?: java_security_cert_Certificate, 
  queryParams: { _?: String }, 
  uriParams: { _?: String }, 
  requestPath: String, 
  headers: { _?: String }
|} {"typeAlias": "HttpRequestAttributes",
"typeId": "org.mule.extension.http.api.HttpRequestAttributes"}
type java_security_cert_Certificate = {|
  encoded?: Binary, 
  publicKey?: java_security_PublicKey, 
  "type"?: String
|} {"typeAlias": "Certificate",
"typeId": "java.security.cert.Certificate"}
type java_security_PublicKey = {|  |} {"typeAlias": "PublicKey",
"typeId": "java.security.PublicKey"}





]]></types:shape>
    </types:type>
  </types:catalog>
  <types:enrichment select="#5ddb5895-654f-4a35-bada-3a2486a1b53e">
    <types:processor-declaration>
      <types:input-event>
        <types:message>
          <types:payload type="auto_5ddb5895-654f-4a35-bada-3a2486a1b53e_Input-Payload"/>
          <types:attributes type="auto_5ddb5895-654f-4a35-bada-3a2486a1b53e_Input-Attributes"/>
        </types:message>
      </types:input-event>
      <types:output-event>
        <types:message>
          <types:payload type="auto_5ddb5895-654f-4a35-bada-3a2486a1b53e_Output-Payload"/>
          <types:attributes type="auto_5ddb5895-654f-4a35-bada-3a2486a1b53e_Output-Attributes"/>
        </types:message>
      </types:output-event>
    </types:processor-declaration>
  </types:enrichment>
</types:mule>